constructor_name,total_points
mclaren,575.9428571428572
ferrari,574.3285714285714
red bull,521.8142857142857
mercedes,408.1642857142857
aston martin,90.02857142857142
alpine f1 team,60.32857142857143
haas f1 team,49.67142857142857
rb f1 team,36.92142857142857
williams,15.128571428571428
sauber,4.0
